0;1732;;1
1;524;;2
2;1612;;2
3;52;;2
4;96;;2
5;379;;2
6;960;;2
7;1187;;2
8;1408;;2
9;12;;3
10;256;;3
11;78;;3
12;77;;3
13;324;;3
14;337;;4
15;125;;4
16;1300;;4
17;1546;;4
18;156;;4
19;570;;4
20;133;;4
21;1709;;4
22;1349;;4
23;226;;4
24;448;;4
25;1116;;5
26;296;;5
27;1141;;5
28;1135;;5
29;1164;;5
30;383;;5
31;1604;;5
32;568;;5
33;608;;5
34;1705;;5
35;1303;;6
36;177;;6
37;1134;;6
38;1582;;6
39;209;;6
40;747;;6
41;265;;6
42;1659;;6
43;1095;;6
44;1300;;6
45;100;;6
46;1394;;7
47;337;;7
48;65;;7
49;458;;7
50;1349;;7
51;264;;7
52;1209;;7
53;1317;;7
54;670;;7
55;1659;;7
56;1535;;7
57;197;;7
58;8;;7
59;266;;7
60;945;;7
61;1735;;7
62;358;;7
63;679;;7
64;224;;7
65;96;;7
66;1046;;7
67;1500;;7
68;1732;362;8
69;536;4510;9
70;1546;3581;9
71;423;;9
72;570;;9
73;945;407;9
74;167;2763;9
75;1733;;10
76;1003;;11
77;365;;12
78;255;1506;12
79;229;;12
80;377;;12
81;77;;13
82;1694;602;13
83;12;;13
84;1130;285;13
85;1166;4097;14
86;12;4579;15
87;1101;4020;16
88;565;4578;17
89;59;1313;17
90;1130;;17
91;742;;17
92;362;;17
93;163;4507;17
94;552;;18
95;1065;3083;18
96;1257;3419;18
97;1698;4290;18
98;1494;1994;18
99;111;;18
100;1631;;18
101;34;;18
102;1530;1434;18
103;1754;;18
104;372;;18
105;138;;18
106;1199;4540;19
107;248;;20
108;536;3079;20
109;246;;20
110;78;;20
111;77;;20
112;12;1442;20
113;423;2575;20
114;337;;21
115;1471;;21
116;778;2559;21
117;381;;21
118;719;;21
119;1530;3144;21
120;1003;;22
121;513;;23
122;141;1427;23
123;1077;4465;23
124;1600;3952;23
125;1042;;23
126;372;;23
127;1631;;23
128;1754;;23
129;49;;23
130;1540;;23
131;238;;23
132;1257;;23
133;1540;;23
134;552;;23
135;138;;23
136;505;1667;23
137;1379;;24
138;1746;3644;24
139;351;;24
140;1773;4068;24
141;734;;24
142;1732;4230;25
143;422;1213;26
144;1347;;26
145;484;1134;26
146;1530;3837;26
147;1209;3327;26
148;264;1322;26
149;1770;;26
150;11;;26
151;53;1850;27
152;129;;28
153;1494;;28
154;1401;4572;28
155;1101;;29
156;1130;;30
157;1103;3376;30
158;142;409;30
159;536;4510;30
160;1773;;31
161;742;870;32
162;1319;4571;33
163;1376;;33
164;1800;4530;33
165;536;4510;33
166;78;;33
167;140;3488;33
168;249;271;33
169;12;2295;33
170;12;2295;33
171;1003;;34
172;422;1213;35
173;1347;;35
174;484;1134;35
175;1530;3837;35
176;1209;3327;35
177;264;1322;35
178;1770;;35
179;11;;35
180;1252;3599;36
181;1773;;37
182;536;3079;38
183;78;;38
184;1303;2870;38
185;12;2295;38
186;1373;2162;38
187;30;3020;38
188;224;;39
189;567;;40
190;484;;40
191;1725;4495;40
192;1504;;40
193;945;2493;40
194;1380;431;40
195;1255;;40
196;513;;41
197;141;1427;41
198;1077;4465;41
199;1600;3952;41
200;1042;;41
201;372;;41
202;1631;;41
203;1754;;41
204;49;;41
205;1540;2379;41
206;238;;41
207;1257;;41
208;1540;2379;41
209;552;;41
210;138;;41
211;505;1667;41
212;536;;42
213;78;;42
214;212;1029;42
215;12;;42
216;1373;2162;42
217;30;3020;42
218;1376;;42
219;1130;;42
220;1735;4580;42
221;1735;4580;42
222;771;;43
223;1773;;44
224;1732;4230;45
225;1407;2041;46
226;423;;46
227;197;3821;46
228;133;3614;46
229;132;3968;46
230;719;3612;46
231;135;449;46
232;565;3208;46
233;42;;46
234;1296;;46
235;1130;;46
236;167;2763;46
237;1267;2927;47
238;260;4568;47
239;1373;;47
240;536;3079;47
241;1341;;47
242;1546;2672;47
243;78;;47
244;26;;48
245;1461;4085;48
246;943;;48
247;55;;48
248;1239;;48
249;668;702;48
250;939;3582;48
251;7;3722;48
252;115;2820;48
253;520;2714;48
254;226;4185;48
255;102;;48
256;1376;;48
257;1329;;49
258;1221;;50
259;747;;50
260;1741;2846;50
261;175;;50
262;196;3528;50
263;52;;50
264;1494;;50
265;741;;50
266;1394;4390;50
267;1373;1764;50
268;1705;4245;50
269;1795;;50
270;1101;;50
271;1481;3885;50
272;12;3512;50
273;687;4003;50
274;1525;;50
275;1322;;50
276;1214;4028;50
277;1087;3875;50
278;1369;4076;50
279;381;;50
280;1767;;50
281;1729;;50
282;333;;50
283;50;;50
284;1799;2659;50
285;521;;50
286;657;532;50
287;201;;51
288;268;;51
289;1685;;51
290;629;3193;51
291;1204;726;51
292;56;748;51
293;1714;;51
294;1373;2162;51
295;53;;51
296;287;;51
297;66;;51
298;248;;51
299;266;468;51
300;519;;51
301;233;4335;51
302;571;2201;51
303;409;4565;51
304;1101;;51
305;1292;;51
306;593;3300;51
307;1130;3139;51
308;1595;4564;51
309;741;3314;51
310;243;;51
311;1709;;51
312;1694;602;51
313;77;1691;51
314;167;255;51
315;1231;;51
316;623;;51
317;1070;4247;51
318;741;3314;51
319;1529;;51
320;664;;51
321;381;;51
322;1653;3424;51
323;1498;1820;51
324;1329;606;51
325;1422;;51
326;477;2614;51
327;1275;;51
328;227;284;51
329;110;;51
330;1732;4230;52
331;1373;2162;53
332;248;;53
333;233;4335;53
334;56;4199;53
335;77;;53
336;52;;53
337;536;;53
338;1317;;53
339;247;3181;53
340;78;;53
341;422;2812;53
342;1376;4208;53
343;96;;53
344;1230;;54
345;440;2454;54
346;334;3251;54
347;248;;54
348;233;4569;54
349;324;4221;55
350;1534;;55
351;1376;4575;55
352;1520;4094;55
353;737;376;55
354;12;2295;55
355;783;3308;55
356;1839;3921;55
357;909;;55
358;1090;3953;55
359;536;3796;55
360;255;1506;55
361;1165;3652;55
362;248;;55
363;100;;55
364;571;2201;55
365;570;1423;56
366;66;3085;56
367;1770;3588;56
368;337;1139;56
369;1411;2930;56
370;8;;56
371;1659;;56
372;243;2333;56
373;1371;2664;56
374;901;4562;56
375;1257;;56
376;25;3409;56
377;55;1537;56
378;39;;56
379;572;696;56
380;901;4562;56
381;670;4535;56
382;1640;;56
383;1010;3851;56
384;1530;4021;57
385;422;836;57
386;55;3002;57
387;1101;;57
388;248;;57
389;270;;57
390;333;3099;57
391;1387;4236;57
392;243;;57
393;623;;57
394;562;;57
395;1732;362;58
396;1373;2162;59
397;248;;59
398;233;4335;59
399;56;4199;59
400;77;;59
401;52;;59
402;536;;59
403;1317;;59
404;247;3181;59
405;78;;59
406;422;2812;59
407;1376;4208;59
408;96;;59
409;78;;60
410;536;;60
411;1046;;60
412;248;;60
413;140;3488;60
414;30;3020;60
415;1130;;60
416;12;2295;60
417;12;2295;60
418;909;;60
419;1376;4208;60
420;1800;4530;60
421;1379;;60
422;1166;2799;60
423;571;2201;60
424;955;4559;60
425;1640;2504;60
426;100;;60
427;77;;60
428;1387;;60
429;334;;60
430;266;;60
431;507;;60
432;422;;60
433;626;;60
434;233;;60
435;459;3600;61
436;1405;2191;61
437;771;;62
438;1733;;63
439;1003;;64
440;114;4220;65
441;1103;3422;65
442;649;1631;65
443;472;2479;65
444;248;2716;65
445;232;2142;65
446;1256;;66
447;1806;4194;67
448;30;3020;67
449;465;;68
450;828;;69
451;28;;69
452;;3749;69
453;280;3361;69
454;1159;3198;69
455;687;3175;69
456;441;4089;70
457;201;;71
458;869;;72
459;1256;;73
460;159;;74
461;1130;;74
462;1733;;74
463;1101;;75
464;423;2575;76
465;78;;76
466;536;3079;76
467;12;;76
468;1167;1620;76
469;1165;2092;76
470;140;3488;76
471;421;4534;76
472;1555;1993;76
473;30;2240;76
474;255;4221;76
475;334;3251;76
476;1671;1027;76
477;248;;76
478;559;;76
479;1293;2170;76
480;1376;4208;76
481;1046;;76
482;710;2394;76
483;218;2300;76
484;1373;2162;76
485;256;3315;76
486;55;1028;76
487;1178;4556;76
488;52;;76
489;212;1029;76
490;310;1246;76
491;1316;4557;76
492;280;4558;76
493;1837;4561;76
494;984;;76
495;56;4566;76
496;507;4169;76
497;571;2201;76
498;1685;;76
499;30;2240;77
500;78;;77
501;12;;77
502;324;4221;77
503;1671;1027;77
504;1293;2170;77
505;536;3079;77
506;334;3251;77
507;248;;77
508;110;4546;77
509;710;2394;77
510;218;2300;77
511;1256;;78
512;614;;79
513;771;;80
514;128;966;81
515;1141;;81
516;26;;81
517;1711;4548;81
518;1135;;81
519;1166;;81
520;60;;81
521;1732;362;82
522;212;1029;83
523;78;;83
524;12;;83
525;218;2300;83
526;1267;2927;83
527;140;3488;83
528;1407;;83
529;909;2481;83
530;423;2575;83
531;1653;3678;83
532;536;;83
533;1130;332;83
534;1837;4561;83
535;741;;83
536;659;;83
537;1416;3684;83
538;1135;4573;83
539;1773;;84
540;1535;;85
541;1046;3179;85
542;465;3391;85
543;78;3649;85
544;1103;;86
545;449;;86
546;1376;4208;86
547;27;;86
548;1604;;86
549;1;4314;86
550;783;3308;86
551;453;;87
552;18;3516;87
553;225;963;87
554;1179;3843;87
555;524;;87
556;786;2325;87
557;485;4547;87
558;212;3641;87
559;1255;;87
560;1073;;87
561;353;3491;87
562;285;3659;87
563;1653;1811;87
564;305;1073;87
565;733;;88
566;158;;88
567;901;;88
568;1330;1359;88
569;1437;;88
570;;4321;88
571;423;;89
572;156;2287;89
573;1546;3581;89
574;559;;90
575;1101;4020;91
576;1141;;92
577;1376;4208;92
578;27;;92
579;1164;;92
580;1;4314;92
581;80;;92
582;248;;93
583;233;;93
584;158;;93
585;741;;93
586;77;;93
587;246;;93
588;390;;93
589;646;;93
590;656;2066;93
591;148;;93
592;287;;93
593;29;;93
594;1204;;93
595;316;;93
596;507;;93
597;1373;2162;93
598;1297;2871;93
599;176;1910;93
600;73;;93
601;1551;4005;93
602;473;;93
603;226;4185;94
604;1200;;94
605;1061;4493;95
606;73;3683;96
607;147;3185;96
608;1530;3144;96
609;1297;3840;96
610;536;3378;96
611;1371;3894;96
612;66;4455;96
613;96;99;96
614;307;897;96
615;561;3301;97
616;1137;;97
617;322;3436;97
618;559;4258;97
619;1653;1271;97
620;202;2425;97
621;82;1070;97
622;1729;;97
623;167;;97
624;1408;3626;97
625;527;;97
626;1220;;98
627;1717;;99
628;1101;;100
629;246;;100
630;77;;100
631;175;;100
632;828;;100
633;243;;100
634;185;299;100
635;1422;;100
636;280;488;100
637;1685;;100
638;1529;;101
639;1494;;101
640;177;3408;101
641;105;1720;101
642;100;;101
643;1394;;101
644;125;431;101
645;519;;101
646;110;;102
647;741;;102
648;422;2204;102
649;12;613;102
650;1329;761;102
651;12;613;102
652;485;;102
653;1653;3424;102
654;56;;102
655;77;2527;102
656;175;;102
657;1656;4111;102
658;286;4537;102
659;828;2709;102
660;1357;3262;102
661;209;4544;102
662;1130;307;102
663;216;2426;103
664;661;2345;103
665;1800;2088;103
666;1469;2052;103
667;1671;1027;103
668;53;2459;104
669;12;1827;104
670;1685;2981;105
671;1196;3799;105
672;917;;105
673;1101;4249;105
674;1293;3558;105
675;202;840;105
676;1784;3321;105
677;188;;105
678;1671;4130;105
679;53;;105
680;1135;;105
681;1612;;105
682;;;105
683;1;2828;105
684;1387;4553;105
685;1128;3171;105
686;423;2575;106
687;1165;2092;106
688;324;4438;106
689;78;;106
690;413;4439;106
691;421;4534;106
692;559;1000;106
693;1317;751;106
694;30;3020;106
695;1046;4546;106
696;25;2299;106
697;12;2295;106
698;96;;106
699;1326;2444;106
700;248;;106
701;984;;106
702;55;3647;106
703;140;3488;107
704;30;3020;107
705;423;2575;107
706;536;;107
707;1293;3074;107
708;12;432;107
709;248;;107
710;78;;107
711;1376;4208;107
712;1800;4530;107
713;56;748;107
714;12;432;107
715;100;;107
716;12;432;107
717;741;4551;107
718;571;2201;107
719;249;;107
720;909;2481;107
721;1130;;107
722;1640;2504;107
723;1230;;107
724;334;3251;107
725;77;;107
726;12;432;107
727;955;4559;107
728;218;2300;107
729;1407;;107
730;1551;4005;107
731;270;2111;108
732;1659;;108
733;1419;2651;108
734;243;2333;108
735;632;;108
736;218;4536;108
737;1371;2664;108
738;55;1537;108
739;8;;108
740;30;1174;108
741;1300;1813;108
742;175;2313;108
743;670;4535;108
744;248;;108
745;536;3079;109
746;256;3315;109
747;741;626;109
748;56;4199;109
749;429;759;109
750;1373;2162;109
751;741;626;109
752;67;273;109
753;1719;4395;110
754;212;1029;111
755;125;;111
756;133;3614;111
757;1349;;111
758;337;;111
759;96;3390;111
760;741;;111
761;565;3208;111
762;1296;;111
763;1546;1157;111
764;1530;1099;111
765;226;;112
766;60;;112
767;1094;2542;112
768;1441;4084;112
769;1135;4029;112
770;1598;4248;112
771;1141;;112
772;1751;3162;112
773;973;3490;112
774;1376;;112
775;128;1677;112
776;1135;4029;112
777;939;922;112
778;1291;;112
779;536;;113
780;423;2575;113
781;78;;113
782;614;;114
783;901;;115
784;1322;;116
785;1719;;116
786;224;;117
787;224;;118
788;224;;119
789;224;;120
790;939;3582;121
791;1239;;121
792;226;2507;121
793;1376;2761;121
794;362;;122
795;939;3582;122
796;1376;;122
797;1613;;122
798;1675;;123
799;441;4089;124
800;423;;125
801;246;408;125
802;142;409;125
803;233;;125
804;1296;;125
805;896;2774;125
806;1300;;125
807;477;3156;125
808;156;;125
809;1546;3581;125
810;448;;125
811;116;4511;125
812;1717;;126
813;1530;1331;126
814;436;;126
815;475;4265;126
816;226;;127
817;115;;127
818;81;;127
819;1604;;127
820;218;;127
821;128;;127
822;449;;127
823;586;3746;127
824;939;234;127
825;1303;;127
826;1717;;128
827;771;;129
828;7;;130
829;226;4152;130
830;1;4314;130
831;99;4481;130
832;1239;;130
833;1334;;130
834;1319;3812;130
835;1376;4208;130
836;96;391;131
837;66;1104;131
838;1135;394;131
839;1200;;132
840;26;;132
841;1751;;132
842;7;3722;132
843;27;;132
844;1164;2678;132
845;788;;132
846;96;62;132
847;1461;4085;132
848;102;;132
849;314;;132
850;383;;132
851;1604;;132
852;1562;;132
853;7;3722;132
854;1239;;132
855;81;;132
856;567;;133
857;484;;133
858;1773;;134
859;1773;;136
860;1247;;137
861;55;;137
862;413;;137
863;1440;;137
864;152;;137
865;1709;;137
866;1729;;137
867;111;1078;137
868;55;;137
869;96;;138
870;52;;138
871;36;3189;138
872;52;;138
873;248;;138
874;1221;;138
875;1498;3930;138
876;196;2124;138
877;1166;;139
878;362;;139
879;314;;139
880;226;;139
881;1773;;140
882;201;;141
883;1003;;142
884;802;2492;143
885;1773;3829;143
886;1675;;144
887;1732;362;145
888;1685;;146
889;548;42;146
890;261;;146
891;422;3425;146
892;46;;146
893;96;;146
894;73;942;146
895;1710;2873;146
896;200;;146
897;1101;4018;146
898;1074;2546;146
899;741;3054;146
900;527;;146
901;220;4340;146
902;1130;2864;146
903;209;3867;146
904;1528;4266;146
905;1327;4542;146
906;1046;;146
907;1164;;146
908;1705;4245;147
909;1221;;147
910;383;;147
911;1164;;147
912;336;;147
913;1720;;147
914;1141;;147
915;99;;147
916;212;1029;148
917;133;920;148
918;1407;2041;148
919;570;;148
920;1709;;148
921;1130;692;148
922;536;4510;148
923;1530;1099;148
924;1267;4530;149
925;1773;;150
926;362;;151
927;939;3582;151
928;1751;;151
929;80;;151
930;1732;362;152
931;1003;;153
932;1074;;154
933;56;1535;155
934;287;1597;155
935;333;;155
936;1297;1229;155
937;209;3867;155
938;1729;;155
939;55;4182;155
940;159;1462;155
941;12;1220;155
942;426;4075;155
943;500;2257;155
944;196;2396;155
945;381;;155
946;56;1535;155
947;12;1220;155
948;1394;;155
949;945;2168;155
950;1530;;155
951;175;;155
952;55;4182;155
953;153;;155
954;1653;497;155
955;52;841;155
956;536;3796;155
957;1773;;155
958;53;1463;155
959;60;3453;156
960;115;;156
961;1604;;156
962;449;;156
963;1303;;156
964;1322;;157
965;1626;3958;157
966;111;4522;157
967;588;1769;157
968;175;;157
969;559;2610;157
970;747;1988;157
971;196;3528;157
972;980;4057;157
973;1685;;157
974;197;;157
975;1783;4003;157
976;1795;;157
977;159;4525;158
978;869;;159
979;1773;;160
980;901;;161
981;1733;;162
982;52;;163
983;202;3253;163
984;12;1195;163
985;306;;163
986;233;;164
987;1296;;164
988;116;;164
989;896;2774;164
990;1300;;164
991;448;;164
992;156;;164
993;115;;165
994;1303;;165
995;128;;165
996;1604;;165
997;27;;165
998;94;240;165
999;226;;165
1000;7;4151;165
1001;53;815;166
1002;1003;;167
1003;802;3884;168
1004;1773;3773;168
1005;453;;169
1006;39;;169
1007;96;1197;169
1008;786;2325;169
1009;524;;169
1010;1000;;169
1011;1179;3843;169
1012;1074;;170
1013;111;;171
1014;353;;171
1015;1074;;173
1016;201;;174
1017;26;;175
1018;1239;;175
1019;7;;175
1020;568;1187;175
1021;517;2268;175
1022;939;3582;175
1023;1478;2549;175
1024;1598;4248;175
1025;362;;175
1026;1296;2006;175
1027;1836;;175
1028;1135;4506;175
1029;1135;3778;176
1030;81;;176
1031;226;60;176
1032;159;3454;176
1033;614;;177
1034;1239;2777;178
1035;133;2018;178
1036;125;2943;178
1037;362;;179
1038;568;;179
1039;939;3582;179
1040;7;;179
1041;66;2484;179
1042;226;4192;179
1043;1116;;179
1044;1166;;179
1045;27;;179
1046;1319;3812;179
1047;374;4518;179
1048;314;;179
1049;12;1525;179
1050;1166;;180
1051;362;;180
1052;314;;180
1053;167;;180
1054;96;62;180
1055;1199;4540;181
1056;224;;182
1057;1329;;183
1058;248;;184
1059;280;;184
1060;1494;566;184
1061;8;;184
1062;1257;;184
1063;1735;;184
1064;224;3963;184
1065;632;;184
1066;436;;184
1067;1806;;184
1068;;;185
1069;1397;;185
1070;1530;;185
1071;381;;185
1072;1267;;185
1073;53;;185
1074;1147;;185
1075;;;185
1076;1729;;185
1077;78;;185
1078;1247;;185
1079;1440;;185
1080;1046;4414;186
1081;1000;;186
1082;527;;186
1083;664;3847;186
1084;39;;186
1085;351;;186
1086;188;3866;186
1087;53;2963;186
1088;12;1489;186
1089;200;;186
1090;219;3499;186
1091;1137;3626;186
1092;60;3602;186
1093;901;;186
1094;261;;186
1095;1255;;186
1096;1256;3169;186
1097;468;;186
1098;1325;917;186
1099;55;;186
1100;381;;186
1101;248;;186
1102;1026;3309;186
1103;1653;3424;186
1104;220;;186
1105;263;2350;186
1106;174;;187
1107;1167;2266;187
1108;1003;;188
1109;1461;4085;189
1110;568;4517;189
1111;933;2694;189
1112;1239;;189
1113;642;;189
1114;27;;189
1115;1164;;189
1116;1604;3035;189
1117;1705;4245;189
1118;448;;189
1119;99;4481;189
1120;336;;189
1121;70;2590;189
1122;226;;190
1123;60;;190
1124;1094;2542;190
1125;1441;4084;190
1126;1135;;190
1127;939;;190
1128;128;;190
1129;7;;190
1130;1625;;191
1131;536;3059;191
1132;178;;191
1133;111;2848;191
1134;129;3146;191
1135;280;3527;191
1136;524;;191
1137;1685;;191
1138;129;3146;191
1139;869;;192
1140;287;1597;193
1141;56;1535;193
1142;390;;193
1143;159;2170;193
1144;201;;193
1145;1272;;193
1146;1498;2449;193
1147;227;284;193
1148;;;193
1149;1567;;193
1150;413;;194
1151;719;;194
1152;;;194
1153;;;194
1154;1779;3519;194
1155;1073;;194
1156;52;;194
1157;55;;194
1158;163;216;194
1159;1267;;194
1160;561;4237;194
1161;65;;194
1162;670;;194
1163;536;4473;194
1164;1498;2146;194
1165;135;;194
1166;1612;4345;194
1167;1207;3776;196
1168;142;;196
1169;96;;196
1170;248;;196
1171;741;;196
1172;1221;;196
1173;1186;;196
1174;1494;;196
1175;1309;4323;196
1176;409;;196
1177;1369;4076;196
1178;29;;196
1179;1705;4245;196
1180;212;1029;196
1181;1334;4474;196
1182;247;3181;196
1183;856;590;196
1184;337;4002;196
1185;47;3947;196
1186;1582;;196
1187;209;3687;196
1188;196;2124;196
1189;1101;;196
1190;1709;;197
1191;1130;3065;197
1192;73;3683;197
1193;1530;3144;197
1194;96;99;197
1195;687;3235;197
1196;280;1456;197
1197;1257;;198
1198;1257;;198
1199;1257;;198
1200;1501;;198
1201;244;1903;198
1202;372;;198
1203;1042;;198
1204;1444;;198
1205;130;;198
1206;1189;3935;198
1207;1732;4530;199
1208;1256;;200
1209;1732;4230;201
1210;1685;;202
1211;1092;3263;202
1212;1185;;202
1213;18;3516;202
1214;53;;202
1215;1179;3843;202
1216;379;;202
1217;1247;;202
1218;111;1078;202
1219;389;;202
1220;1187;;202
1221;453;;202
1222;39;;202
1223;96;1197;203
1224;1255;;203
1225;285;3639;203
1226;1494;;203
1227;524;;203
1228;1685;;203
1229;129;3146;203
1230;453;;203
1231;1379;;204
1232;1101;;205
1233;1311;;206
1234;1675;;207
1235;1441;4139;208
1236;783;2921;208
1237;1604;3392;208
1238;1099;;208
1239;7;;208
1240;383;4133;208
1241;12;2412;208
1242;448;;208
1243;1135;4494;208
1244;365;;209
1245;145;637;209
1246;798;;209
1247;1443;4500;209
1248;1368;1366;209
1249;255;1506;209
1250;236;404;209
1251;1773;4068;210
1252;459;3600;211
1253;1751;;211
1254;1116;;211
1255;1003;;212
1256;1540;;213
1257;1257;;213
1258;513;;213
1259;49;;213
1260;1754;;213
1261;505;1667;213
1262;226;4187;214
1263;296;;214
1264;27;;214
1265;383;;214
1266;80;;214
1267;81;;214
1268;;;215
1269;115;2820;215
1270;1135;;215
1271;449;3102;215
1272;7;;215
1273;81;;215
1274;96;;215
1275;362;4078;215
1276;226;4185;216
1277;1103;3834;216
1278;610;4441;216
1279;1461;4085;216
1280;1376;4208;216
1281;383;;216
1282;1239;;216
1283;869;;217
1284;869;;218
1285;1003;;219
1286;869;;220
1287;1003;;221
1288;1140;3072;222
1289;1732;4530;223
1290;1101;;224
1291;519;;225
1292;1729;;225
1293;1530;;225
1294;;;225
1295;12;2136;225
1296;1440;;225
1297;1471;;225
1298;381;;225
1299;1685;;225
1300;1267;;225
1301;186;;225
1302;55;;225
1303;248;;226
1304;96;1979;226
1305;1209;874;226
1306;1262;514;226
1307;224;;227
1308;12;3082;228
1309;96;;229
1310;66;1104;229
1311;1135;394;229
1312;53;;229
1313;1653;;229
1314;1101;;230
1315;381;;231
1316;1349;;231
1317;1363;3804;231
1318;963;3916;231
1319;1471;;231
1320;1073;;231
1321;687;3235;231
1322;561;4237;231
1323;1137;;231
1324;12;3712;232
1325;1336;2735;232
1326;;3961;233
1327;353;4504;233
1328;1329;1494;233
1329;733;;234
1330;553;2388;234
1331;1746;4161;235
1332;351;4252;235
1333;1773;3752;235
1334;96;;235
1335;1152;;235
1336;913;;235
1337;901;3355;235
1338;1601;4520;235
1339;474;2868;235
1340;1773;;236
1341;;;237
1342;939;922;237
1343;1662;;237
1344;1311;;237
1345;12;1525;237
1346;;;237
1347;771;;238
1348;1675;;239
1349;247;3181;240
1350;196;3528;240
1351;657;532;240
1352;426;4075;240
1353;196;3094;241
1354;1546;3691;241
1355;423;;241
1356;448;;241
1357;42;;241
1358;59;2255;241
1359;123;3048;242
1360;10;;242
1361;1094;3653;242
1362;105;;242
1363;1394;3292;242
1364;1143;2028;242
1365;1815;3732;242
1366;1732;4230;243
1367;153;;244
1368;306;3542;244
1369;333;;244
1370;116;132;244
1371;12;1441;244
1372;381;504;244
1373;1241;3477;244
1374;153;;245
1375;306;3542;245
1376;333;;245
1377;116;132;245
1378;12;1441;245
1379;381;504;245
1380;1241;3477;245
1381;365;;246
1382;145;637;246
1383;324;;246
1384;236;404;246
1385;798;;246
1386;1539;2940;246
1387;1443;4500;246
1388;255;1506;246
1389;69;2175;246
1390;229;;246
1391;1529;;247
1392;1638;;247
1393;536;3059;247
1394;129;2224;247
1395;105;143;247
1396;177;3408;247
1397;1659;;247
1398;1625;;247
1399;943;;248
1400;226;4069;248
1401;448;;248
1402;1003;;249
1403;224;;250
1404;1256;;251
1405;1717;;252
1406;;;253
1407;1733;;253
1408;913;;253
1409;1685;;253
1410;381;;253
1411;1043;;253
1412;1773;2116;253
1413;39;;253
1414;1511;4052;253
1415;351;;253
1416;1773;2116;253
1417;1657;4385;253
1418;270;;254
1419;1101;;254
1420;248;;254
1421;1253;4033;254
1422;623;;254
1423;1374;;254
1424;1528;4266;254
1425;1379;;254
1426;111;;254
1427;353;930;255
1428;1;4498;255
1429;1580;2958;255
1430;;4499;255
1431;828;1171;255
1432;742;;255
1433;1782;4505;255
1434;413;;256
1435;967;;256
1436;82;3942;256
1437;78;;256
1438;1070;2653;256
1439;719;;256
1440;561;2120;256
1441;741;;256
1442;188;;256
1443;280;;256
1444;135;;256
1445;1300;;256
1446;474;3275;256
1447;519;;256
1448;1275;;256
1449;55;;256
1450;65;;256
1451;333;4497;256
1452;1626;4286;256
1453;1073;;256
1454;477;2614;256
1455;1567;;256
1456;1656;4111;256
1457;1546;3691;257
1458;1341;2193;257
1459;156;;257
1460;1074;;258
1461;175;;259
1462;588;1769;259
1463;1367;4332;259
1464;1101;;259
1465;226;4262;260
1466;12;;260
1467;362;;260
1468;226;4262;260
1469;;;260
1470;939;922;260
1471;608;4399;260
1472;1719;3113;260
1473;115;;260
1474;1376;4208;260
1475;1376;4208;260
1476;1104;3501;260
1477;96;62;260
1478;96;62;260
1479;7;4567;260
1480;1449;1923;261
1481;712;2695;261
1482;474;2868;261
1483;1773;3752;261
1484;96;;261
1485;1152;;261
1486;901;3355;261
1487;1601;4520;261
1488;1337;2623;261
1489;55;4110;261
1490;;;262
1491;1269;;262
1492;12;4260;262
1493;973;4261;262
1494;1675;;263
1495;1329;;264
1496;1135;4496;265
1497;96;;265
1498;66;1104;265
1499;1018;;266
1500;1545;;266
1501;970;3077;266
1502;1255;;266
1503;1140;;266
1504;567;;267
1505;484;;267
1506;1724;4495;267
1507;945;2493;267
1508;1255;;267
1509;1812;3316;267
1510;125;431;267
1511;226;1016;268
1512;1361;;268
1513;1200;;268
1514;96;;268
1515;;4372;268
1516;81;;268
1517;226;1016;268
1518;80;;268
1519;1140;;269
1520;1629;744;269
1521;484;;269
1522;477;;269
1523;409;;269
1524;200;;269
1525;1199;3981;270
1526;1018;;271
1527;1545;;271
1528;970;3077;271
1529;1255;;271
1530;1724;628;271
1531;1140;;271
1532;226;60;272
1533;295;;272
1534;80;;272
1535;1135;4494;272
1536;1604;;272
1537;362;2736;272
1538;81;;272
1539;1751;;272
1540;383;;272
1541;102;;272
1542;27;967;272
1543;1166;915;272
1544;608;1449;272
1545;1103;3834;272
1546;1164;;272
1547;448;;272
1548;1135;4494;272
1549;26;;272
1550;939;922;272
1551;1540;;273
1552;1257;;273
1553;513;;273
1554;49;;273
1555;1754;;273
1556;505;1667;273
1557;1003;;276
1558;895;;277
1559;1732;4530;278
1560;901;;279
1561;212;2324;279
1562;8;;279
1563;869;;280
1564;1085;940;281
1565;565;;281
1566;1135;;282
1567;81;;282
1568;96;;282
1569;362;;282
1570;1604;;282
1571;1675;;283
1572;12;;284
1573;177;3408;285
1574;1255;;285
1575;96;;285
1576;167;3173;285
1577;139;;285
1578;1494;;285
1579;1529;;285
1580;;2036;285
1581;232;3876;285
1582;1685;;285
1583;1685;;285
1584;100;;285
1585;519;;285
1586;1659;;285
1587;980;4057;285
1588;747;2974;285
1589;265;;285
1590;89;;285
1591;1682;3365;285
1592;1220;;285
1593;177;3408;286
1594;1255;;286
1595;96;;286
1596;167;3173;286
1597;139;;286
1598;1494;;286
1599;1529;;286
1600;;2036;286
1601;232;3876;286
1602;1685;;286
1603;1685;;286
1604;100;;286
1605;519;;286
1606;1659;;286
1607;980;4057;286
1608;265;;286
1609;89;;286
1610;1220;;286
1611;1682;3365;286
1612;747;2974;286
1613;771;;287
1614;;;288
1615;224;;289
1616;429;759;290
1617;1625;3255;290
1618;268;;290
1619;232;3621;290
1620;1297;;290
1621;233;;290
1622;67;273;290
1623;742;;291
1624;226;4168;291
1625;466;4492;291
1626;686;941;291
1627;96;2517;291
1628;741;1959;291
1629;1130;3702;291
1630;96;2473;292
1631;243;;292
1632;1779;2805;292
1633;593;4491;292
1634;224;;293
1635;1209;874;294
1636;828;;295
1637;197;3827;295
1638;8;;295
1639;1209;3899;295
1640;;936;295
1641;1773;;295
1642;485;;295
1643;422;652;295
1644;1372;;295
1645;1171;;296
1646;7;;296
1647;1680;4281;296
1648;374;;296
1649;1166;;296
1650;1116;;296
1651;96;;296
1652;;;296
1653;1546;3581;297
1654;1300;;297
1655;1130;3311;297
1656;73;1481;297
1657;423;;297
1658;156;;297
1659;1685;;297
1660;96;4550;297
1661;477;3156;297
1662;337;;297
1663;565;4508;297
1664;163;4507;297
1665;;3961;298
1666;96;3390;299
1667;687;1569;299
1668;1074;;300
1669;614;;301
1670;491;3753;302
1671;1449;1923;302
1672;367;;302
1673;96;;302
1674;125;2948;302
1675;362;;303
1676;1253;3692;303
1677;27;967;303
1678;1101;4377;303
1679;1256;;304
1680;1101;;306
1681;209;3687;306
1682;1124;3966;306
1683;1528;4180;306
1684;1675;;306
1685;614;;307
1686;;;308
1687;441;4089;309
1688;441;4089;310
1689;1300;;311
1690;226;;311
1691;448;;311
1692;1239;;311
1693;156;;311
1694;167;2763;311
1695;1685;;311
1696;1546;3581;311
1697;423;4554;311
1698;125;;311
1699;12;;312
1700;567;;313
1701;1600;3952;314
1702;34;;314
1703;372;;314
1704;244;1903;314
1705;1433;;314
1706;1042;;314
1707;1257;2163;314
1708;1257;2163;314
1709;85;4346;314
1710;513;;314
1711;1538;3795;314
1712;384;;314
1713;505;1667;314
1714;1754;;314
1715;111;;314
1716;1719;;315
1717;158;;315
1718;1334;4474;315
1719;901;;315
1720;10;;315
1721;1046;;315
1722;1099;;315
1723;734;;315
1724;1101;;315
1725;1292;;316
1726;1662;3724;316
1727;747;;316
1728;50;;316
1729;1394;;316
1730;1094;4475;316
1731;1103;3624;316
1732;81;;317
1733;448;;317
1734;1441;4084;317
1735;102;;317
1736;1141;;317
1737;27;;317
1738;226;;317
1739;362;;317
1740;1347;;318
1741;1611;4229;318
1742;1128;4260;318
1743;973;3594;318
1744;1806;;318
1745;280;;318
1746;1729;;319
1747;599;;319
1748;1709;;319
1749;135;;319
1750;381;;319
1751;477;2614;319
1752;561;;319
1753;280;;319
1754;1130;3065;319
1755;163;216;319
1756;152;;319
1757;291;1015;319
1758;82;3942;319
1759;1471;;319
1760;486;1870;319
1761;519;;319
1762;1640;;320
1763;1046;3548;320
1764;1535;;320
1765;519;;320
1766;1347;;320
1767;1685;987;320
1768;8;;320
1769;266;;320
1770;1735;;320
1771;133;2989;320
1772;;;320
1773;484;1134;320
1774;1349;;320
1775;65;;320
1776;333;;320
1777;6;;321
1778;264;1322;321
1779;436;;321
1780;197;;321
1781;1515;1913;321
1782;116;;321
1783;1263;1656;321
1784;358;;321
1785;679;;321
1786;224;;321
1787;96;2762;321
1788;1289;1738;321
1789;;;321
1790;337;1139;321
1791;1530;3837;321
1792;1733;;322
1793;477;;323
1794;212;4203;323
1795;;;323
1796;1255;;323
1797;1380;431;323
1798;1504;4128;323
1799;1061;4493;323
1800;280;3733;323
1801;485;4343;323
1802;1530;;324
1803;1530;;324
1804;175;;324
1805;519;4001;324
1806;;;324
1807;;;324
1808;903;4472;324
1809;548;1052;324
1810;1709;;324
1811;1214;;324
1812;337;4002;324
1813;65;3057;324
1814;1354;3808;324
1815;93;;324
1816;1567;;324
1817;1582;;324
1818;1275;;327
1819;599;;327
1820;1729;;327
1821;381;;327
1822;96;2587;327
1823;1530;;327
1824;82;1070;327
1825;1147;;327
1826;548;1052;327
1827;12;;328
1828;1411;1892;329
1829;441;4089;329
1830;1387;4236;329
1831;1161;4235;329
1832;188;4319;329
1833;1101;;329
1834;1535;;330
1835;1209;3430;330
1836;96;2762;330
1837;52;;330
1838;1347;;330
1839;679;;330
1840;333;;331
1841;741;2990;331
1842;422;1213;331
1843;167;528;331
1844;1130;4471;331
1845;197;;331
1846;1735;;331
1847;1261;1994;332
1848;513;;332
1849;1631;;332
1850;1530;1434;332
1851;372;;332
1852;34;657;332
1853;1718;;332
1854;1540;2379;332
1855;1257;;332
1856;1257;;332
1857;552;;332
1858;441;4089;333
1859;1735;;334
1860;197;;334
1861;1530;3837;334
1862;1209;4470;334
1863;422;1213;334
1864;741;2990;334
1865;1300;4273;334
1866;96;1979;334
1867;96;1979;335
1868;1494;566;335
1869;;2859;335
1870;1394;3711;335
1871;1735;;335
1872;632;;335
1873;1441;4084;336
1874;226;;336
1875;1135;;336
1876;1099;;336
1877;1604;3035;336
1878;81;;336
1879;12;;337
1880;1754;;338
1881;1257;;338
1882;238;;338
1883;1540;3979;338
1884;384;;338
1885;372;;338
1886;34;657;338
1887;1540;3979;338
1888;1257;;338
1889;1631;;338
1890;1540;3979;338
1891;49;;338
1892;1257;;338
1893;1718;;338
1894;111;;338
1895;1042;;338
1896;1257;;338
1897;85;4346;338
1898;1501;;338
1899;1257;;338
1900;1320;;338
1901;441;4089;339
1902;1329;;340
1903;;560;341
1904;1300;4273;341
1905;1735;4157;341
1906;1576;4205;341
1907;828;;342
1908;28;;342
1909;67;2773;342
1910;1130;332;342
1911;227;284;342
1912;1267;1271;342
1913;333;3033;342
1914;561;4437;342
1915;56;2915;342
1916;96;;344
1917;362;;344
1918;1200;;344
1919;1604;;344
1920;1705;4245;344
1921;1239;;344
1922;1613;;344
1923;742;;345
1924;96;2517;345
1925;1329;;346
1926;786;2325;347
1927;1179;3843;347
1928;524;;347
1929;379;;347
1930;1292;4427;347
1931;1544;3491;347
1932;111;2848;347
1933;536;3059;347
1934;39;;347
1935;453;;347
1936;486;;347
1937;1397;;347
1938;1685;;347
1939;1101;4574;347
1940;1709;4426;347
1941;409;784;347
1942;1255;;347
1943;1595;4429;347
1944;1026;3299;347
1945;1612;4357;347
1946;1092;3263;347
1947;1185;;347
1948;1275;4428;347
1949;196;3528;347
1950;18;3516;347
1951;;3961;348
1952;353;4463;348
1953;59;1313;349
1954;1239;;349
1955;96;4550;349
1956;1300;;349
1957;1709;;349
1958;1130;;349
1959;133;4490;349
1960;1604;;349
1961;614;;350
1962;614;;351
1963;1329;;352
1964;1241;4228;353
1965;8;3471;353
1966;436;;353
1967;1752;2821;353
1968;320;3976;353
1969;1347;;353
1970;333;3407;353
1971;;2079;353
1972;1640;4273;353
1973;1675;;356
1974;167;;357
1975;561;3515;357
1976;1026;3299;357
1977;188;;357
1978;1440;;357
1979;381;;357
1980;1092;3740;357
1981;1267;;357
1982;1709;;357
1983;519;;357
1984;39;;357
1985;82;;357
1986;55;;357
1987;55;;357
1988;561;3515;357
1989;1781;;357
1990;1141;;358
1991;1604;;358
1992;27;;358
1993;642;3091;358
1994;296;;358
1995;362;;358
1996;448;;358
1997;1239;;358
1998;1751;3501;358
1999;1376;;358
2000;26;;358
2001;383;;358
2002;374;;358
2003;568;;358
2004;12;1525;358
2005;55;;358
2006;608;4372;358
2007;748;4460;359
2008;39;;359
2009;322;3912;359
2010;322;3912;359
2011;1488;445;359
2012;60;4461;359
2013;116;4300;359
2014;1144;2274;359
2015;593;4462;359
2016;1293;1619;359
2017;909;2481;359
2018;614;;360
2019;1709;;361
2020;1530;3144;361
2021;426;2278;361
2022;536;3378;361
2023;66;4455;361
2024;1685;;361
2025;1422;;361
2026;185;2244;361
2027;1371;3894;361
2028;1329;;362
2029;614;;363
2030;224;;364
2031;1220;;365
2032;;274;366
2033;567;;366
2034;477;;366
2035;50;;367
2036;441;4089;368
2037;477;;369
2038;1505;1954;369
2039;96;;369
2040;;3474;369
2041;129;2267;369
2042;439;;369
2043;1003;;370
2044;1329;;371
2045;244;1903;371
2046;1444;;371
2047;691;3214;371
2048;435;;371
2049;1501;;371
2050;1065;3083;371
2051;1040;3418;371
2052;85;4346;371
2053;138;1020;371
2054;1565;;371
2055;226;;372
2056;;;372
2057;939;3582;372
2058;1733;;373
2059;226;;374
2060;7;;374
2061;568;;374
2062;939;;374
2063;440;;374
2064;1135;116;374
2065;;;374
2066;226;;374
2067;362;3406;374
2068;129;3220;375
2069;129;3220;375
2070;1685;;375
2071;1494;;375
2072;345;4091;375
2073;1397;;375
2074;1003;;376
2075;;4194;377
2076;248;;378
2077;1275;;378
2078;;3108;378
2079;1185;;378
2080;1166;2799;378
2081;1101;;378
2082;47;;378
2083;909;2481;378
2084;895;;378
2085;1494;478;378
2086;266;468;378
2087;626;1587;378
2088;1461;4085;379
2089;226;4152;379
2090;362;4078;379
2091;1680;4281;379
2092;1604;;379
2093;1171;1374;379
2094;1103;3834;379
2095;449;;379
2096;128;966;379
2097;81;;379
2098;939;;379
2099;1728;4379;379
2100;27;;379
2101;1104;3501;379
2102;7;;379
2103;440;;379
2104;1441;4139;379
2105;374;;379
2106;226;4152;379
2107;448;;379
2108;99;4481;379
2109;1;4314;379
2110;967;;379
2111;1765;4477;379
2112;;;379
2113;994;4478;379
2114;296;;379
2115;1558;2485;379
2116;1239;;379
2117;1329;2803;379
2118;115;4479;379
2119;1135;116;379
2120;26;;379
2121;1376;4208;379
2122;568;1187;379
2123;1613;;379
2124;96;;379
2125;508;4480;379
2126;1164;;379
2127;1200;;379
2128;557;3008;379
2129;295;2781;379
2130;99;4481;379
2131;608;4372;379
2132;1228;3433;379
2133;80;;379
2134;1296;2143;379
2135;;1893;379
2136;336;;379
2137;668;4482;379
2138;614;;380
2139;;;381
2140;53;815;381
2141;901;;382
2142;334;3251;382
2143;1150;3849;382
2144;1140;4233;382
2145;916;3833;382
2146;909;2481;382
2147;;;382
2148;200;;382
2149;158;;382
2150;280;;382
2151;1719;4395;382
2152;1292;;382
2153;1629;;382
2154;733;;382
2155;413;4439;382
2156;263;2350;382
2157;320;2947;382
2158;209;3687;382
2159;226;3605;384
2160;1604;;384
2161;12;1525;384
2162;7;;384
2163;939;922;384
2164;226;3605;384
2165;129;;385
2166;901;;385
2167;441;4089;386
2168;167;;387
2169;561;3515;387
2170;82;;387
2171;1026;3299;387
2172;188;;387
2173;1440;;387
2174;381;;387
2175;1092;3740;387
2176;1267;;387
2177;55;;387
2178;1709;;387
2179;519;;387
2180;39;;387
2181;55;;387
2182;561;3515;387
2183;316;326;387
2184;1781;;387
2185;1329;;389
2186;;4194;390
2187;200;;391
2188;438;1179;391
2189;1563;4065;391
2190;177;;391
2191;1595;4054;391
2192;46;;391
2193;422;3425;391
2194;945;2168;391
2195;1104;4033;391
2196;1101;;391
2197;209;3867;391
2198;1530;;391
2199;1394;;391
2200;475;;391
2201;96;2723;391
2202;725;1445;391
2203;77;2527;391
2204;1130;;391
2205;1709;1091;391
2206;159;;391
2207;1263;1337;391
2208;316;;391
2209;1609;2365;391
2210;473;4272;391
2211;12;1827;393
2212;1103;3624;393
2213;1662;;393
2214;66;4450;393
2215;1481;3885;393
2216;12;1827;393
2217;333;;393
2218;1625;;393
2219;12;1827;393
2220;1779;4485;393
2221;1525;;393
2222;1256;;394
2223;742;870;396
2224;1682;1493;396
2225;153;1017;396
2226;353;;396
2227;226;;398
2228;1135;;398
2229;128;2753;398
2230;60;456;398
2231;12;1525;398
2232;1303;3343;399
2233;39;;399
2234;381;;399
2235;167;3173;399
2236;1101;;399
2237;536;3059;399
2238;53;;399
2239;1445;4204;399
2240;200;;399
2241;1528;4180;399
2242;175;;399
2243;1567;;399
2244;280;;399
2245;96;;399
2246;1220;;399
2247;1710;4448;399
2248;55;4198;399
2249;441;4089;400
2250;;1811;402
2251;285;3659;402
2252;225;963;402
2253;53;;402
2254;453;;402
2255;305;;402
2256;1176;1057;402
2257;153;;403
2258;59;3028;403
2259;964;556;403
2260;337;;403
2261;565;;403
2262;125;2943;403
2263;59;2255;404
2264;125;;404
2265;135;449;404
2266;1546;1157;404
2267;96;3390;404
2268;521;1100;404
2269;333;3896;404
2270;572;1376;404
2271;565;3208;404
2272;212;4444;404
2273;153;;404
2274;1488;3897;404
2275;70;;404
2276;1404;3698;404
2277;337;;404
2278;1349;;404
2279;133;3614;404
2280;687;1569;404
2281;1685;;404
2282;1269;3611;404
2283;1530;1099;404
2284;81;3162;405
2285;939;;405
2286;1166;;405
2287;1604;;405
2288;362;;405
2289;1135;4029;405
2290;;;405
2291;27;;405
2292;1103;4443;405
2293;;1401;406
2294;96;;406
2295;1257;2442;406
2296;1257;2442;406
2297;1101;;406
2298;;;407
2299;1331;;408
2300;469;;408
2301;391;996;408
2302;648;2207;408
2303;1185;;408
2304;624;2609;408
2305;1140;;408
2306;623;4020;408
2307;379;;408
2308;1130;332;409
2309;954;2567;410
2310;1494;1381;410
2311;353;1682;410
2312;1394;;410
2313;337;3975;410
2314;1365;4144;410
2315;153;;410
2316;863;4058;410
2317;1263;2354;410
2318;80;;411
2319;226;4069;411
2320;939;2406;411
2321;1103;3834;411
2322;226;4069;411
2323;1256;;412
2324;389;;413
2325;523;785;413
2326;524;;413
2327;1179;3843;413
2328;39;;413
2329;53;;413
2330;225;963;413
2331;901;4095;413
2332;1544;3491;413
2333;1187;;413
2334;379;;413
2335;224;;414
2336;224;;415
2337;224;;416
2338;1003;;417
2339;1400;1969;418
2340;174;;418
2341;209;3295;418
2342;10;;418
2343;351;3451;418
2344;224;4407;418
2345;1457;3293;418
2346;83;2831;418
2347;;1702;419
2348;216;2426;419
2349;1255;;419
2350;1185;3898;419
2351;1380;431;419
2352;1683;;419
2353;1504;4128;419
2354;280;3379;419
2355;212;2324;419
2356;212;2324;419
2357;212;2324;419
2358;1742;;419
2359;1255;;419
2360;1061;4493;419
2361;320;2947;419
2362;734;;419
2363;324;4221;420
2364;324;4221;420
2365;1653;;420
2366;413;4439;421
2367;;3474;421
2368;1000;;421
2369;50;;421
2370;1368;3025;421
2371;559;1000;421
2372;55;1028;421
2373;324;;421
2374;1546;4469;421
2375;96;1702;421
2376;484;;421
2377;536;3378;424
2378;1256;3169;424
2379;913;;424
2380;1214;;424
2381;239;898;424
2382;1675;;425
2383;954;2567;426
2384;159;;426
2385;1298;134;426
2386;1159;1381;426
2387;1350;210;426
2388;970;1681;426
2389;;;426
2390;353;1682;426
2391;1365;4144;426
2392;624;4037;426
2393;1018;;426
2394;1394;;426
2395;907;1833;426
2396;1685;1049;426
2397;980;4057;427
2398;1003;;429
2399;1101;;431
2400;1101;;432
2401;167;;433
2402;423;;433
2403;1546;3581;433
2404;96;3042;433
2405;1085;4306;434
2406;561;3954;434
2407;353;;434
2408;225;;434
2409;280;1810;435
2410;1344;3779;435
2411;741;3332;436
2412;305;;436
2413;1256;;437
2414;1140;;438
2415;1292;;438
2416;53;2963;438
2417;664;3847;438
2418;1595;4425;438
2419;527;;438
2420;1629;;438
2421;93;;438
2422;646;;438
2423;422;2770;438
2424;1400;4406;438
2425;355;3228;438
2426;12;1489;438
2427;280;3379;438
2428;97;3206;438
2429;316;;438
2430;559;1000;438
2431;661;2345;438
2432;55;3854;438
2433;1000;;438
2434;913;;438
2435;895;625;438
2436;42;;438
2437;224;2464;438
2438;337;4002;438
2439;557;;438
2440;475;4275;439
2441;1043;;439
2442;;4068;439
2443;901;3520;439
2444;913;1387;439
2445;232;;439
2446;1733;;439
2447;1330;;439
2448;1445;4204;439
2449;614;;440
2450;1443;2107;441
2451;365;;441
2452;634;1366;441
2453;212;1029;442
2454;133;920;442
2455;1407;2041;442
2456;570;;442
2457;1709;;442
2458;1130;692;442
2459;536;4510;442
2460;1530;1099;442
2461;145;;443
2462;1349;380;443
2463;191;;443
2464;50;;443
2465;1582;;443
2466;8;;443
2467;229;851;443
2468;365;;443
2469;140;3488;443
2470;354;;443
2471;827;2372;443
2472;;;444
2473;614;;445
2474;1103;3834;446
2475;226;4238;446
2476;939;922;446
2477;81;4271;446
2478;614;;447
2479;1416;3543;448
2480;1090;3953;448
2481;306;2787;448
2482;29;2632;448
2483;1337;3661;448
2484;856;4422;448
2485;1604;;448
2486;124;4468;448
2487;1773;;449
2488;;;450
2489;224;;451
2490;224;;452
2491;1213;3683;453
2492;741;3106;453
2493;147;3185;453
2494;930;4420;453
2495;1136;4416;453
2496;1349;3546;453
2497;73;;453
2498;333;619;453
2499;246;2917;453
2500;1297;3840;453
2501;856;3356;453
2502;133;3726;453
2503;426;97;453
2504;1709;893;453
2505;133;3726;453
2506;741;3106;453
2507;1665;4417;453
2508;1267;4415;453
2509;1662;3050;453
2510;536;3378;453
2511;719;2487;453
2512;175;3860;453
2513;12;4418;453
2514;816;4045;453
2515;931;897;453
2516;148;2488;453
2517;96;99;453
2518;307;2263;453
2519;816;4045;453
2520;931;897;453
2521;239;898;453
2522;140;3186;453
2523;142;899;453
2524;1352;3904;453
2525;1041;2073;453
2526;468;2213;453
2527;1310;3669;453
2528;1546;901;453
2529;1697;4419;453
2530;930;4420;453
2531;536;4421;454
2532;570;;454
2533;156;;454
2534;1239;;454
2535;337;;454
2536;1300;;454
2537;477;3156;454
2538;226;4289;454
2539;448;;454
2540;1530;1099;454
2541;333;;455
2542;741;2990;455
2543;422;1213;455
2544;167;528;455
2545;1130;4471;455
2546;197;;455
2547;1735;;455
2548;1367;4332;456
2549;748;2505;456
2550;1530;3913;456
2551;885;3539;456
2552;1640;2504;456
2553;507;2746;456
2554;29;2632;456
2555;212;3412;456
2556;1546;2886;456
2557;1144;2274;456
2558;413;747;456
2559;856;1910;456
2560;116;4300;456
2561;60;3496;456
2562;39;;456
2563;1397;;457
2564;1292;;457
2565;470;;457
2566;536;3059;457
2567;367;3699;458
2568;96;;458
2569;491;3511;458
2570;1152;;458
2571;1191;1215;458
2572;416;1955;460
2573;111;1304;460
2574;798;;460
2575;1545;;460
2576;624;1081;460
2577;1331;;460
2578;111;1304;460
2579;20;;460
2580;53;1850;461
2581;96;3042;462
2582;570;;462
2583;156;;462
2584;1709;;462
2585;167;2763;462
2586;1685;;462
2587;333;3033;463
2588;1709;2791;463
2589;614;;464
2590;96;;465
2591;167;;465
2592;;;465
2593;1371;3894;465
2594;82;3942;465
2595;507;;465
2596;1035;;465
2597;410;2643;465
2598;1685;;465
2599;;;465
2600;1394;;465
2601;337;3568;465
2602;82;3942;465
2603;78;;465
2604;1733;;465
2605;73;3925;465
2606;1363;3804;465
2607;1207;;465
2608;519;;465
2609;561;;465
2610;1729;;465
2611;188;;465
2612;;3924;466
2613;1349;;466
2614;1394;;466
2615;337;3568;466
2616;82;3942;466
2617;78;;466
2618;1733;;466
2619;73;3925;466
2620;1363;3804;466
2621;1207;;466
2622;519;;466
2623;561;;466
2624;188;;466
2625;1597;;466
2626;303;;467
2627;1085;3780;467
2628;59;3028;467
2629;1709;;467
2630;686;941;467
2631;303;;468
2632;1085;3780;468
2633;59;3028;468
2634;686;941;468
2635;1709;;468
2636;243;1428;469
2637;66;3085;469
2638;232;;469
2639;167;3893;469
2640;100;2660;469
2641;572;4413;469
2642;828;2359;469
2643;422;652;469
2644;8;;469
2645;270;2111;469
2646;175;2313;469
2647;307;2103;469
2648;1659;;469
2649;1300;1318;469
2650;116;;469
2651;280;2754;469
2652;475;4265;469
2653;1267;1652;469
2654;1530;3837;469
2655;390;4397;469
2656;945;3000;469
2657;1773;;469
2658;196;;469
2659;135;2988;469
2660;1349;4476;469
2661;1317;3470;469
2662;263;2350;469
2663;1305;2601;469
2664;333;;471
2665;82;;471
2666;1394;;471
2667;186;;471
2668;1733;;471
2669;1073;;471
2670;1779;3519;471
2671;1724;4412;471
2672;1101;4249;472
2673;1528;4116;472
2674;1671;4130;472
2675;1135;2825;472
2676;917;;472
2677;1387;4236;472
2678;1196;3799;472
2679;188;;472
2680;1612;;472
2681;1276;3818;472
2682;1593;2673;472
2683;802;3149;472
2684;1128;3171;472
2685;1677;234;472
2686;1135;2825;472
2687;55;3647;472
2688;1235;;472
2689;53;;472
2690;1293;907;472
2691;1000;3416;472
2692;1;2828;472
2693;1046;4414;473
2694;12;1489;473
2695;909;2481;473
2696;188;3866;473
2697;664;3847;473
2698;527;;473
2699;200;;473
2700;;3829;473
2701;1000;;473
2702;126;1183;473
2703;1397;;473
2704;1530;2712;473
2705;315;1292;473
2706;1445;4204;473
2707;1275;;474
2708;89;;474
2709;29;;474
2710;77;;474
2711;1167;3313;474
2712;1386;2558;474
2713;451;;474
2714;1659;2134;474
2715;507;1241;474
2716;828;;474
2717;53;;474
2718;1709;;474
2719;246;;474
2720;1272;;474
2721;;;474
2722;280;488;474
2723;1743;;474
2724;233;;474
2725;1065;3083;475
2726;138;;475
2727;1501;;475
2728;1718;;475
2729;552;2438;475
2730;1257;;475
2731;1257;;475
2732;515;398;475
2733;1600;509;475
2734;1761;507;475
2735;1435;1888;476
